Umpire,Country
RB Tiffin,Zimbabwe
S Das,India
A Nand Kishore,India
TH Wijewardene,Sri Lanka
PR Reiffel,Australia
AL Hill,England
RM Deshpande,India
SD Fry,Australia
C Shamshuddin,India
AM Saheba,India
IL Howell,South Africa
DJ Harper,Australia
AY Dandekar,India
AK Chaudhary,India
K Srinivasan,India
BNJ Oxenford,Australia
RK Illingworth,England
Aleem Dar,Pakistan
SJ Davis,Australia
S Asnani,India
K Srinath,India
SL Shastri,India
MR Benson,England
CB Gaffaney,New Zealand
RJ Tucker,Australia
GAV Baxter,New Zealand
RE Koertzen,South Africa
I Shivram,India
PG Pathak,India
SS Hazare,India
CK Nandan,India
SJA Taufel,Australia
KN Ananthapadmanabhan,India
BG Jerling,South Africa
Asad Rauf,Pakistan
K Bharatan,India
A Deshmukh,India
BF Bowden,New Zealand
GA Pratapkumar,India
BR Doctrove,West Indies
Nitin Menon,India
VA Kulkarni,India
K Hariharan,India
SK Tarapore,India
Subroto Das,India
HDPK Dharmasena,Sri Lanka
M Erasmus,South Africa
AV Jayaprakash,India
VK Sharma,India
JD Cloete,South Africa
YC Barde,India
NJ Llong,England
SD Ranade,India
S Ravi,India
